{
    "$schema": "https://schema.management.azure.com/schemas/2019-04-01/deploymentTemplate.json#",
    "contentVersion": "1.0.0.0",
    "parameters": {},
    "functions": [],
    "variables": {},
    "resources": [
        {
            "name": "appnetwork",
            "type": "Microsoft.Network/virtualNetworks",
            "apiVersion": "2020-11-01",
            "location": "North Europe",
            "properties": {
                "addressSpace": {
                    "addressPrefixes": [
                        "10.0.0.0/16"
                    ]
                },
                "subnets": [
                    {
                        "name": "SubnetA",
                        "properties": {
                            "addressPrefix": "10.0.0.0/24",
                            "networkSecurityGroup": {
                                "id": "[resourceId('Microsoft.Network/networkSecurityGroups', 'app-nsg')]"
                              }
                        }
                    },
                    {
                        "name": "SubnetB",
                        "properties": {
                            "addressPrefix": "10.0.1.0/24"
                        }
                    }
                ]
            }
        },
        {
            "name": "app-ip",
            "type": "Microsoft.Network/publicIPAddresses",
            "apiVersion": "2020-11-01",
            "location": "North Europe",
            "properties": {
                "publicIPAllocationMethod": "Dynamic"
                }
            },
            {
                "name": "app-interface",
                "type": "Microsoft.Network/networkInterfaces",
                "apiVersion": "2020-11-01",
                "location": "North Europe",            
                "properties": {
                    "ipConfigurations": [
                        {
                            "name": "ipConfig1",
                            "properties": {
                                "privateIPAllocationMethod": "Dynamic",
                                "publicIPAddress": {
                                    "id": "[resourceId('Microsoft.Network/publicIPAddresses', 'app-ip')]"
                                  },
                                "subnet": {
                                    "id": "[resourceId('Microsoft.Network/virtualNetworks/subnets', 'appnetwork', 'SubnetA')]"
                                }
                            }
                        }
                    ]
                },
                "dependsOn": [
                    "[resourceId('Microsoft.Network/publicIPAddresses', 'app-ip')]",
                    "[resourceId('Microsoft.Network/virtualNetworks', 'appnetwork')]"
                ]
            },        
        {
            "name": "vmstore8677676",
            "type": "Microsoft.Storage/storageAccounts",
            "apiVersion": "2021-04-01",
            "location": "[resourceGroup().location]",
            "sku": {
                "name": "Standard_LRS"
            },
            "kind": "StorageV2"
        },
        {
            "name": "app-nsg",
            "type": "Microsoft.Network/networkSecurityGroups",
            "apiVersion": "2020-11-01",
            "location": "[resourceGroup().location]",
            "properties": {
                "securityRules": [
                    {
                        "name": "Allow-RDP",
                        "properties": {
                            "description": "description",
                            "protocol": "Tcp",
                            "sourcePortRange": "*",
                            "destinationPortRange": "3389",
                            "sourceAddressPrefix": "*",
                            "destinationAddressPrefix": "*",
                            "access": "Allow",
                            "priority": 100,
                            "direction": "Inbound"
                        }
                    }
                ]
            }
        },
        {
            "name": "appvm",
            "type": "Microsoft.Compute/virtualMachines",
            "apiVersion": "2021-03-01",
            "location": "[resourceGroup().location]",
            "dependsOn": [
                "[resourceId('Microsoft.Storage/storageAccounts', toLower('vmstore8677676'))]"
            ],
            "properties": {
                "hardwareProfile": {
                    "vmSize": "Standard_D2s_v3"
                },
                "osProfile": {
                    "computerName": "appvm",
                    "adminUsername": "demousr",
                    "adminPassword": "Azure@123"
                },
                "storageProfile": {
                    "imageReference": {
                        "publisher": "MicrosoftWindowsServer",
                        "offer": "WindowsServer",
                        "sku": "2019-Datacenter",
                        "version": "latest"
                    },
                    "osDisk": {
                        "name": "windowsVM1OSDisk",
                        "caching": "ReadWrite",
                        "createOption": "FromImage"
                    },
                    "dataDisks": [
                        {
                            "name":"vm-data-disk",
                            "diskSizeGB":16,
                            "createOption": "Empty",
                            "lun":0
                        }
                    ]
                },
                "networkProfile": {
                    "networkInterfaces": [
                        {
                            "id": "[resourceId('Microsoft.Network/networkInterfaces', 'app-interface')]"
                        }
                    ]
                },
                "diagnosticsProfile": {
                    "bootDiagnostics": {
                        "enabled": true,
                        "storageUri": "[reference(resourceId('Microsoft.Storage/storageAccounts/', toLower('vmstore8677676'))).primaryEndpoints.blob]"
                    }
                }
            }
        }
    ],
    "outputs": {}
}