{
    "$schema": "https://schema.management.azure.com/schemas/2019-04-01/deploymentTemplate.json#",
    "contentVersion": "1.0.0.0",
    "parameters": {},
    "functions": [],
    "variables": {},
    "resources": [
        {
            "name": "appnetwork",
            "type": "Microsoft.Network/virtualNetworks",
            "apiVersion": "2020-11-01",
            "location": "North Europe",
            "properties": {
                "addressSpace": {
                    "addressPrefixes": [
                        "10.0.0.0/16"
                    ]
                },
                "subnets": [
                    {
                        "name": "SubnetA",
                        "properties": {
                            "addressPrefix": "10.0.0.0/24",
                            "networkSecurityGroup": {
                                "id": "[resourceId('Microsoft.Network/networkSecurityGroups', 'app-nsg')]"
                              }
                        }
                    }
                ]
            }
        },
        {
            "name": "app-ip",
            "type": "Microsoft.Network/publicIPAddresses",
            "apiVersion": "2020-11-01",
            "location": "North Europe",
            "properties": {
                "publicIPAllocationMethod": "Dynamic"
                }
            },
            {
                "name": "app-interface",
                "type": "Microsoft.Network/networkInterfaces",
                "apiVersion": "2020-11-01",
                "location": "North Europe",            
                "properties": {
                    "ipConfigurations": [
                        {
                            "name": "ipConfig1",
                            "properties": {
                                "privateIPAllocationMethod": "Dynamic",
                                "publicIPAddress": {
                                    "id": "[resourceId('Microsoft.Network/publicIPAddresses', 'app-ip')]"
                                  },
                                "subnet": {
                                    "id": "[resourceId('Microsoft.Network/virtualNetworks/subnets', 'appnetwork', 'SubnetA')]"
                                }
                            }
                        }
                    ]
                },
                "dependsOn": [
                    "[resourceId('Microsoft.Network/publicIPAddresses', 'app-ip')]",
                    "[resourceId('Microsoft.Network/virtualNetworks', 'appnetwork')]"
                ]
            },        
        {
            "name": "vmstore8677676",
            "type": "Microsoft.Storage/storageAccounts",
            "apiVersion": "2021-04-01",
            "location": "[resourceGroup().location]",
            "sku": {
                "name": "Standard_LRS"
            },
            "kind": "StorageV2"
        },
        {
            "name": "app-nsg",
            "type": "Microsoft.Network/networkSecurityGroups",
            "apiVersion": "2020-11-01",
            "location": "[resourceGroup().location]",
            "properties": {
                "securityRules": [
                    {
                        "name": "Allow-RDP",
                        "properties": {
                            "description": "description",
                            "protocol": "Tcp",
                            "sourcePortRange": "*",
                            "destinationPortRange": "3389",
                            "sourceAddressPrefix": "*",
                            "destinationAddressPrefix": "*",
                            "access": "Allow",
                            "priority": 100,
                            "direction": "Inbound"
                        }
                    },
                    {
                        "name": "Allow-HTTP",
                        "properties": {
                            "description": "description",
                            "protocol": "Tcp",
                            "sourcePortRange": "*",
                            "destinationPortRange": "80",
                            "sourceAddressPrefix": "*",
                            "destinationAddressPrefix": "*",
                            "access": "Allow",
                            "priority": 200,
                            "direction": "Inbound"
                        }
                    }
                ]
            }
        },
        {
            "name": "appvm",
            "type": "Microsoft.Compute/virtualMachines",
            "apiVersion": "2021-03-01",
            "location": "[resourceGroup().location]",
            "resources": [
                {
                  "name": "[concat('appvm','/TeamServicesAgent')]",
                  "type": "Microsoft.Compute/virtualMachines/extensions",
                  "location": "[resourceGroup().location]",
                  "apiVersion": "2021-03-01",
                  "dependsOn": [
                      "[resourceId('Microsoft.Compute/virtualMachines/','appvm')]"
                  ],
                  "properties": {
                    "publisher": "Microsoft.VisualStudio.Services",
                    "type": "TeamServicesAgent",
                    "typeHandlerVersion": "1.0",
                    "autoUpgradeMinorVersion": true,
                    "settings": {
                      "VSTSAccountName": "techsup4000",
                      "TeamProject": "DevProject",
                      "DeploymentGroup": "Web Servers",
                      "AgentName": "appvm"
                    },
                    "protectedSettings": {
                    "PATToken": "v3d3u7sfeawsn6cdb7pqfyfmnjx7ozsewv464s7jmheeosogrpsa"
                   }
                 }
                }
              ],
            "dependsOn": [
                "[resourceId('Microsoft.Storage/storageAccounts', toLower('vmstore8677676'))]"
            ],
            "properties": {
                "hardwareProfile": {
                    "vmSize": "Standard_D2s_v3"
                },
                "osProfile": {
                    "computerName": "appvm",
                    "adminUsername": "demousr",
                    "adminPassword": "Azure@123"
                },
                "storageProfile": {
                    "imageReference": {
                        "publisher": "MicrosoftWindowsServer",
                        "offer": "WindowsServer",
                        "sku": "2019-Datacenter",
                        "version": "latest"
                    },
                    "osDisk": {
                        "name": "windowsVM1OSDisk",
                        "caching": "ReadWrite",
                        "createOption": "FromImage"
                    }
                },
                "networkProfile": {
                    "networkInterfaces": [
                        {
                            "id": "[resourceId('Microsoft.Network/networkInterfaces', 'app-interface')]"
                        }
                    ]
                },
                "diagnosticsProfile": {
                    "bootDiagnostics": {
                        "enabled": true,
                        "storageUri": "[reference(resourceId('Microsoft.Storage/storageAccounts/', toLower('vmstore8677676'))).primaryEndpoints.blob]"
                    }
                }
            }
        },
        {
            "type": "Microsoft.Compute/virtualMachines/extensions",
             "name": "[concat('appvm', '/config-app')]",
             "location": "[resourceGroup().location]",
             "apiVersion": "2018-06-01",
             "dependsOn": [
                 "[resourceId('Microsoft.Compute/virtualMachines/', 'appvm')]"
     ],
     "properties": {
     "publisher": "Microsoft.Compute",
     "type": "CustomScriptExtension",
     "typeHandlerVersion": "1.10",
     "autoUpgradeMinorVersion": true,
     "settings": {
         "fileUris": [
             "https://templatestore465656.blob.core.windows.net/installers/script.ps1?sp=r&st=2022-08-13T16:32:07Z&se=2022-08-14T00:32:07Z&spr=https&sv=2021-06-08&sr=b&sig=Hzmg4K%2F7A4QnEXlQz7LZliJW1%2BXLOzXDfHuBKd8V1b8%3D"
         ],
         "commandToExecute": "powershell -ExecutionPolicy Unrestricted -File script.ps1"             
     }
      }}       
    ],
    "outputs": {}
}