{
    "$schema": "https://schema.management.azure.com/schemas/2019-04-01/deploymentTemplate.json#",
    "contentVersion": "1.0.0.0",
    "parameters": {
        "SQLLogin": {
            "type":"string",
            "metadata":{
                "description":"The administrator user name"
            }
        },
        "SQLPassword": {
            "type":"secureString",
            "metadata":{
                "description":"The administrator password"
            }

        }
    },
    "functions": [],
    "variables": {},
    "resources": [
        {
            "type": "Microsoft.Sql/servers",
            "apiVersion": "2022-02-01-preview",
            "name": "sqlserver400505",
            "location": "[resourceGroup().location]",
            "properties":{
                "administratorLogin": "[parameters('SQLLogin')]",
                "administratorLoginPassword": "[parameters('SQLPassword')]"
            }
        },
        {
               "type": "Microsoft.Sql/servers/databases",
               "apiVersion": "2022-02-01-preview",
               "name": "[format('{0}/{1}','sqlserver400505','appdb')]",
               "location": "[resourceGroup().location]",
               "sku":{
                "name":"Basic",
                "tier":"Basic"
               },
               "properties":{},
                "dependsOn":[
                    "[resourceId('Microsoft.Sql/servers','sqlserver400505')]"
                ]
               
        }
    ],
    "outputs": {}
}